Kingdom,Phylum,Class,Order,Sample.01,Sample.02,Sample.03,Sample.04,Sample.05,Sample.06
Bacteria,Proteobacteria,Gammaproteobacteria,*Burkholderiales*,1387000,122286000,18615000,674305000,152173000,273604000
Bacteria,Proteobacteria,Gammaproteobacteria,*Pseudomonadales*,60000,3860000,162178000,118112000,101532000,575000
Bacteria,Proteobacteria,Gammaproteobacteria,*Alteromonadales*,156000,1314000,238321000,68735000,2144000,1318000
Bacteria,Acidobacteriota,Vicinamibacteria,*Vicinamibacterales*,2352000,1561000,3123000,2772000,1702000,1538000
Bacteria,Verrucomicrobiota,Omnitrophia,*Omnitrophales*,4014000,1846000,2380000,1373000,978000,1316000
Bacteria,Bacteroidota,Bacteroidia,*Flavobacteriales*,112000,173000,6426000,669000,556000,248000
Archaea,Nanoarchaeota,Nanoarchaeia,*Woesearchaeales*,602000,963000,1660000,904000,1391000,1793000
Bacteria,Proteobacteria,Alphaproteobacteria,*Sphingomonadales*,45000,757000,827000,1492000,2616000,509000
Bacteria,Patescibacteria,Parcubacteria,*Candidatus_Zambryskibacteria*,1120000,664000,1038000,899000,428000,141000
Bacteria,Proteobacteria,Alphaproteobacteria,*Caulobacterales*,98000,200000,2526000,351000,380000,125000
Bacteria,Proteobacteria,Alphaproteobacteria,*Rickettsiales*,676000,602000,746000,519000,435000,352000
Bacteria,Nitrospirota,Nitrospiria,*Nitrospirales*,699000,334000,737000,393000,340000,270000
Bacteria,Actinobacteriota,Actinobacteria,*Micrococcales*,66000,211000,303000,941000,766000,359000
Bacteria,Cyanobacteria,Cyanobacteriia,*Cyanobacteriales*,904000,572000,723000,145000,146000,119000
Bacteria,Bdellovibrionota,Bdellovibrionia,*Bdellovibrionales*,873000,147000,546000,206000,153000,134000
Bacteria,Proteobacteria,Alphaproteobacteria,*Rhizobiales*,306000,426000,256000,284000,184000,203000
Bacteria,Planctomycetota,Planctomycetes,*Pirellulales*,256000,197000,392000,245000,284000,211000
Bacteria,Proteobacteria,Alphaproteobacteria,*Micavibrionales*,307000,251000,341000,230000,228000,184000
Bacteria,Proteobacteria,Alphaproteobacteria,*Rhodospirillales*,278000,313000,333000,173000,153000,252000
Bacteria,Actinobacteriota,Actinobacteria,*Propionibacteriales*,24000,122000,215000,504000,364000,158000
Bacteria,Bacteroidota,Bacteroidia,*Sphingobacteriales*,515000,128000,328000,208000,119000,80000
Bacteria,Elusimicrobiota,Lineage_IIc,*Lineage_IIc*,431000,153000,387000,290000,0,58000
Bacteria,Elusimicrobiota,Lineage_IIa,*Lineage_IIa*,291000,90000,352000,176000,135000,81000
Bacteria,Planctomycetota,Planctomycetes,*Planctomycetales*,153000,158000,207000,126000,140000,113000
Bacteria,Bdellovibrionota,Oligoflexia,*0319-6G20*,337000,135000,215000,64000,32000,93000
Bacteria,Cyanobacteria,Vampirivibrionia,*Caenarcaniphilales*,109000,167000,180000,175000,106000,93000
Bacteria,Patescibacteria,Parcubacteria,*Parcubacteria*,99000,129000,111000,179000,94000,37000
Bacteria,Patescibacteria,Parcubacteria,*Candidatus_Kaiserbacteria*,155000,127000,63000,230000,26000,43000
Archaea,Halobacterota,Methanosarcinia,*Methanosarciniales*,108000,45000,167000,52000,118000,146000
Archaea,Euryarchaeota,Thermococci,*Methanofastidiosales*,88000,36000,214000,65000,106000,55000
Bacteria,Proteobacteria,Alphaproteobacteria,*Rhodobacterales*,76000,117000,111000,136000,85000,39000
Bacteria,Bacteroidota,Bacteroidia,*Chitinophagales*,91000,124000,28000,140000,67000,87000
Archaea,Hadarchaeota,Hadarchaeia,*Hadarchaeia*,43000,95000,186000,65000,67000,69000
Archaea,Crenarchaeota,Bathyarchaeia,*Bathyarchaeia*,26000,158000,72000,40000,111000,114000
Archaea,Aenigmarchaeota,Aenigmarchaeia,*Aenigmarchaeales*,30000,167000,140000,0,106000,77000
Bacteria,Patescibacteria,Parcubacteria,*Order* (*of*) Parcubacteria,101000,207000,68000,60000,13000,22000
Bacteria,Planctomycetota,OM190,*OM190*,274000,9000,158000,0,0,27000
Bacteria,Cyanobacteria,Vampirivibrionia,*Vampirovibrionales*,76000,121000,171000,30000,25000,31000
Bacteria,Patescibacteria,Gracilibacteria,*Absconditabacteriales_(SR1)*,58000,25000,118000,78000,104000,39000
Bacteria,Planctomycetota,BD7-11,*BD7-11*,84000,47000,133000,51000,35000,52000
Bacteria,BHI80-139,BHI80-139,*BHI80-139*,38000,53000,102000,108000,37000,58000
Bacteria,Actinobacteriota,Actinobacteria,*Corynebacteriales*,6000,42000,91000,152000,50000,54000
Bacteria,Myxococcota,bacteriap25,*bacteriap25*,120000,28000,106000,59000,45000,32000
Archaea,Iainarchaeota,Iainarchaeia,*Iainarchaeales*,10000,82000,35000,0,88000,165000
Bacteria,Gemmatimonadota,BD2-11_terrestrial_group,*BD2-11_terrestrial_group*,45000,59000,90000,94000,42000,44000
Bacteria,Chloroflexi,JG30-KF-CM66,*JG30-KF-CM66*,83000,70000,118000,14000,81000,0
Bacteria,Chloroflexi,Dehalococcoidia,*Order* (*of*) Dehalococcoidia,53000,145000,63000,58000,17000,24000
Bacteria,Entotheonellaeota,Entotheonellia,*Entotheonellales*,136000,14000,82000,58000,0,65000
Bacteria,Patescibacteria,Gracilibacteria,*Candidatus_Peregrinibacteria*,68000,53000,105000,21000,42000,35000
Bacteria,Patescibacteria,Parcubacteria,*Candidatus_Adlerbacteria*,17000,113000,28000,110000,21000,30000
Bacteria,Patescibacteria,Parcubacteria,*Candidatus_Nomurabacteria*,109000,95000,0,44000,20000,45000
Bacteria,Planctomycetota,Planctomycetes,*Gemmatales*,66000,75000,37000,65000,50000,19000
Bacteria,Verrucomicrobiota,Chlamydiae,*Chlamydiales*,88000,75000,56000,44000,9000,23000
Bacteria,Cyanobacteria,Vampirivibrionia,*Obscuribacterales*,40000,96000,0,46000,8000,93000
Bacteria,Planctomycetota,Phycisphaerae,*S-70*,114000,17000,42000,49000,30000,16000
Bacteria,Dependentiae,Babeliae,*Babeliales*,107000,0,87000,44000,28000,0
Bacteria,Proteobacteria,Gammaproteobacteria,*Xanthomonadales*,7000,0,0,190000,24000,22000
Bacteria,Proteobacteria,Gammaproteobacteria,*PLTA13*,25000,35000,70000,54000,0,55000
Bacteria,Proteobacteria,Gammaproteobacteria,*Diplorickettsiales*,52000,30000,62000,36000,21000,30000
Bacteria,Proteobacteria,Alphaproteobacteria,*Holosporales*,30000,58000,86000,16000,5000,32000
Bacteria,Chloroflexi,Anaerolineae,*Anaerolineales*,10000,23000,63000,62000,23000,40000
Bacteria,Elusimicrobiota,Elusimicrobia,*Lineage_IV*,60000,82000,36000,0,0,40000
Bacteria,Chloroflexi,Dehalococcoidia,*S085*,42000,90000,0,21000,50000,10000
Bacteria,Sva0485,Sva0485,*Sva0485*,42000,42000,69000,0,34000,11000
Bacteria,RCP2-54,RCP2-54,*RCP2-54*,41000,23000,56000,37000,12000,22000
Bacteria,Proteobacteria,Gammaproteobacteria,*Order* (*of*) Gammaproteobacteria,65000,56000,20000,8000,26000,12000
Bacteria,Firmicutes,Bacilli,*Staphylococcales*,4000,14000,41000,65000,38000,23000
Bacteria,Elusimicrobiota,Lineage_IIb,*Lineage_IIb*,117000,34000,0,0,0,26000
Bacteria,Bdellovibrionota,Bdellovibrionia,*Bacteriovoracales*,75000,18000,43000,14000,0,19000
Bacteria,Proteobacteria,Alphaproteobacteria,*Order* (*of*) Alphaproteobacteria,56000,71000,22000,0,14000,0
Bacteria,Patescibacteria,Parcubacteria,*Candidatus_Azambacteria*,82000,18000,15000,16000,12000,15000
Bacteria,Patescibacteria,Gracilibacteria,*Candidatus_Peribacteria*,62000,12000,49000,0,25000,8000
Bacteria,Verrucomicrobiota,Verrucomicrobiae,*Pedosphaerales*,76000,45000,35000,0,0,0
Bacteria,Bacteroidota,Bacteroidia,*Cytophagales*,38000,32000,14000,50000,9000,11000
Bacteria,Acidobacteriota,Vicinamibacteria,*Subgroup_17*,50000,0,63000,0,0,18000
Bacteria,Proteobacteria,Gammaproteobacteria,*Oceanospirillales*,18000,40000,64000,0,5000,0
Bacteria,Chloroflexi,Anaerolineae,*SBR1031*,11000,0,27000,66000,0,15000
Bacteria,Dadabacteria,Dadabacteriia,*Dadabacteriales*,12000,23000,29000,35000,18000,0
Bacteria,Patescibacteria,Gracilibacteria,*JGI_0000069-P22*,24000,26000,62000,0,0,0
Bacteria,Chloroflexi,Dehalococcoidia,*Dehalococcoidales*,7000,55000,0,20000,0,23000
Bacteria,Nitrospirota,Thermodesulfovibrionia,*Order* (*of*) Thermodesulfovibrionia,11000,17000,0,62000,0,15000
Bacteria,Patescibacteria,Microgenomatia,*Candidatus_Woesebacteria*,8000,23000,0,37000,0,31000
Bacteria,Proteobacteria,Gammaproteobacteria,*Legionellales*,18000,21000,42000,8000,9000,0
Bacteria,Proteobacteria,Alphaproteobacteria,*Paracaedibacterales*,55000,18000,22000,0,0,0
Bacteria,Proteobacteria,Gammaproteobacteria,*Coxiellales*,22000,6000,50000,0,17000,0
Bacteria,Actinobacteriota,Thermoleophilia,*Solirubrobacterales*,17000,0,0,45000,29000,0
Bacteria,SAR324_clade(Marine_group_B),SAR324_clade(Marine_group_B),*SAR324_clade(Marine_group_B)*,50000,15000,8000,0,5000,12000
Bacteria,Proteobacteria,Gammaproteobacteria,*Gammaproteobacteria_Incertae_Sedis*,53000,0,7000,0,11000,17000
Bacteria,Acidobacteriota,Blastocatellia,*11-24*,30000,21000,35000,0,0,0
Bacteria,Proteobacteria,Gammaproteobacteria,*HglApr721*,17000,14000,0,0,17000,36000
Bacteria,Zixibacteria,Zixibacteria,*Zixibacteria*,11000,21000,14000,30000,5000,0
Bacteria,Patescibacteria,Parcubacteria,*Candidatus_Yanofskybacteria*,16000,24000,15000,0,0,22000
Bacteria,Chloroflexi,Dehalococcoidia,*Sh765B-AG-111*,10000,59000,0,0,0,0
Bacteria,Planctomycetota,Phycisphaerae,*CCM11a*,52000,0,14000,0,0,0
Bacteria,Acidobacteriota,Acidobacteriae,*Bryobacterales*,33000,0,0,14000,17000,0
Bacteria,Planctomycetota,Phycisphaerae,*Phycisphaerales*,29000,34000,0,0,0,0
Bacteria,Proteobacteria,Alphaproteobacteria,*Caedibacterales*,8000,12000,21000,22000,0,0
Bacteria,Chloroflexi,Dehalococcoidia,*t0.6.f*,7000,6000,0,0,25000,22000
Bacteria,Proteobacteria,Class of Proteobacteria,*Order* (*of*) Proteobacteria,45000,0,0,0,8000,7000
Archaea,Micrarchaeota,Micrarchaeia,*Micrarchaeales*,2000,0,0,36000,20000,0
Bacteria,Chloroflexi,Anaerolineae,*Ardenticatenales*,23000,0,35000,0,0,0
Bacteria,Verrucomicrobiota,Verrucomicrobiae,*Opitutales*,38000,0,0,14000,5000,0
Bacteria,Bdellovibrionota,Oligoflexia,*Oligoflexales*,28000,0,14000,14000,0,0
Bacteria,Bacteroidota,Rhodothermia,*Rhodothermales*,0,0,0,0,33000,21000
Bacteria,Patescibacteria,Parcubacteria,*Paceibacterales*,7000,20000,15000,0,0,11000
Bacteria,Planctomycetota,vadinHA49,*vadinHA49*,17000,12000,0,23000,0,0
Bacteria,Verrucomicrobiota,Verrucomicrobiae,*Verrucomicrobiales*,1000,0,14000,27000,0,10000
Bacteria,Myxococcota,Polyangia,*Haliangiales*,36000,0,14000,0,0,0
Bacteria,Verrucomicrobiota,Verrucomicrobiae,*Methylacidiphilales*,33000,0,0,0,0,16000
Bacteria,Acidobacteriota,Subgroup_22,*Subgroup_22*,21000,0,22000,0,0,0
Bacteria,Myxococcota,Polyangia,*Blfdi19*,13000,0,0,14000,0,16000
Bacteria,Proteobacteria,Gammaproteobacteria,*Piscirickettsiales*,10000,3000,28000,0,0,0
Archaea,Thermoplasmatota,Thermoplasmata,*Methanomassiliicoccales*,2000,0,34000,0,0,0
Bacteria,Myxococcota,Myxococcia,*Myxococcales*,16000,9000,0,0,9000,0
Bacteria,Planctomycetota,Pla4_lineage,*Pla4_lineage*,22000,0,0,0,0,12000
Bacteria,Patescibacteria,Parcubacteria,*Candidatus_Jorgensenbacteria*,9000,15000,0,8000,0,0
Bacteria,Firmicutes,Bacilli,*Lactobacillales*,1000,0,14000,15000,0,0
Bacteria,Proteobacteria,Gammaproteobacteria,*Aeromonadales*,2000,0,28000,0,0,0
Archaea,Thermoplasmatota,Thermoplasmata,*Marine_Benthic_Group_D_and_DHVEG-1*,1000,6000,0,0,22000,0
Bacteria,Bacteroidota,OC31,*OC31*,1000,28000,0,0,0,0
Bacteria,Chloroflexi,OLB14,*OLB14*,19000,0,0,0,0,10000
Bacteria,Patescibacteria,Berkelbacteria,*Berkelbacteria*,3000,12000,14000,0,0,0
Bacteria,Chloroflexi,KD4-96,*KD4-96*,6000,0,0,0,12000,10000
Bacteria,Desulfobacterota,Class of Desulfobacterota,*Order* (*of*) Desulfobacterota,28000,0,0,0,0,0
Bacteria,Bacteroidota,Bacteroidia,*Bacteroidetes_VC2.1_Bac22*,3000,12000,0,0,12000,0
Bacteria,Latescibacterota,Latescibacterota,*Latescibacterota*,15000,12000,0,0,0,0
Bacteria,Chloroflexi,Dehalococcoidia,*GIF9*,4000,0,0,0,0,22000
Bacteria,Proteobacteria,Alphaproteobacteria,*Dongiales*,6000,6000,14000,0,0,0
Bacteria,Elusimicrobiota,Elusimicrobia,*MVP-88*,24000,0,0,0,0,0
Bacteria,WPS-2,WPS-2,*WPS-2*,11000,0,7000,0,5000,0
Bacteria,Firmicutes,Bacilli,*Bacillales*,0,0,7000,15000,0,0
Bacteria,Patescibacteria,Saccharimonadia,*Saccharimonadales*,22000,0,0,0,0,0
Bacteria,Planctomycetota,Phycisphaerae,*mle1-8*,8000,14000,0,0,0,0
Bacteria,FCPU426,FCPU426,*FCPU426*,11000,9000,0,0,0,0
Bacteria,Actinobacteriota,Acidimicrobiia,*Order* (*of*) Acidimicrobiia,5000,14000,0,0,0,0
Bacteria,Myxococcota,Polyangia,*Polyangiales*,19000,0,0,0,0,0
Bacteria,Planctomycetota,Phycisphaerae,*MSBL9*,7000,0,0,0,12000,0
Archaea,Altiarchaeota,Altiarchaeia,*Altiarchaeales*,1000,17000,0,0,0,0
Bacteria,Chloroflexi,Dehalococcoidia,*FS117-23B-02*,7000,0,0,0,0,11000
Bacteria,Patescibacteria,Microgenomatia,*Order* (*of*) Microgenomatia,1000,17000,0,0,0,0
Bacteria,Patescibacteria,Parcubacteria,*UBA9983*,6000,12000,0,0,0,0
Bacteria,Chloroflexi,Dehalococcoidia,*661239*,3000,0,0,0,0,14000
Bacteria,Marinimicrobia_(SAR406_clade),Marinimicrobia_(SAR406_clade),*Marinimicrobia_(SAR406_clade)*,3000,3000,0,0,0,11000
Bacteria,Acidobacteriota,Subgroup_5,*Subgroup_5*,16000,0,0,0,0,0
Bacteria,Proteobacteria,Gammaproteobacteria,*Ga0077536*,16000,0,0,0,0,0
Bacteria,Proteobacteria,Gammaproteobacteria,*Steroidobacterales*,16000,0,0,0,0,0
Bacteria,Chloroflexi,Dehalococcoidia,*FW22*,3000,12000,0,0,0,0
Bacteria,Patescibacteria,Gracilibacteria,*Gracilibacteria*,4000,3000,0,0,8000,0
Bacteria,Planctomycetota,Phycisphaerae,*Tepidisphaerales*,8000,0,0,7000,0,0
Bacteria,Proteobacteria,Gammaproteobacteria,*Methylococcales*,7000,0,8000,0,0,0
Bacteria,Verrucomicrobiota,Verrucomicrobiae,*Chthoniobacterales*,3000,12000,0,0,0,0
Bacteria,Acidobacteriota,Acidobacteriae,*Acidobacteriales*,14000,0,0,0,0,0
Bacteria,Acidobacteriota,Blastocatellia,*Blastocatellales*,14000,0,0,0,0,0
Bacteria,Chloroflexi,Dehalococcoidia,*GIF3*,14000,0,0,0,0,0
Bacteria,Firmicutes,Bacilli,*Thermicanales*,0,0,0,14000,0,0
Bacteria,Proteobacteria,Gammaproteobacteria,*F9P41300-M23*,0,0,14000,0,0,0
Archaea,Aenigmarchaeota,Aenigmarchaeota,*Aenigmarchaeota*,1000,12000,0,0,0,0
Bacteria,Planctomycetota,Pla3_lineage,*Pla3_lineage*,12000,0,0,0,0,0
Bacteria,Spirochaetota,Leptospirae,*Leptospirales*,4000,0,0,0,8000,0
Bacteria,Verrucomicrobiota,Lentisphaeria,*Victivallales*,12000,0,0,0,0,0
Bacteria,Caldatribacteriota,JS1,*JS1*,2000,9000,0,0,0,0
Bacteria,Chloroflexi,Dehalococcoidia,*MSBL5*,5000,6000,0,0,0,0
Bacteria,Proteobacteria,Alphaproteobacteria,*Reyranellales*,4000,0,0,0,0,7000
Bacteria,Proteobacteria,Gammaproteobacteria,*KF-JG30-C25*,0,0,0,0,0,11000
Bacteria,Armatimonadota,Chthonomonadetes,*Chthonomonadales*,2000,0,0,8000,0,0
Bacteria,Cyanobacteria,Sericytochromatia,*Sericytochromatia*,2000,0,8000,0,0,0
Bacteria,Firmicutes,Bacilli,*Mycoplasmatales*,3000,6000,0,0,0,0
Bacteria,Gemmatimonadota,Gemmatimonadetes,*Gemmatimonadales*,9000,0,0,0,0,0
Bacteria,Myxococcota,Polyangia,*Nannocystales*,9000,0,0,0,0,0
Bacteria,Patescibacteria,Gracilibacteria,*Candidatus_Abawacabacteria*,0,9000,0,0,0,0
Bacteria,Proteobacteria,Alphaproteobacteria,*Defluviicoccales*,9000,0,0,0,0,0
Bacteria,Proteobacteria,Gammaproteobacteria,*Acidiferrobacterales*,9000,0,0,0,0,0
Bacteria,Proteobacteria,Gammaproteobacteria,*Tenderiales*,9000,0,0,0,0,0
Bacteria,Bacteroidota,Bacteroidia,*Order* (*of*) Bacteroidia,8000,0,0,0,0,0
Bacteria,Bdellovibrionota,Oligoflexia,*Silvanigrellales*,4000,0,0,0,0,4000
Bacteria,Patescibacteria,Parcubacteria,*Candidatus_Moranbacteria*,2000,6000,0,0,0,0
Bacteria,Planctomycetota,Phycisphaerae,*DG-20*,2000,6000,0,0,0,0
Bacteria,Proteobacteria,Gammaproteobacteria,*BD72BR169*,2000,6000,0,0,0,0
Bacteria,Actinobacteriota,Thermoleophilia,*Gaiellales*,7000,0,0,0,0,0
Bacteria,Bacteroidota,Bacteroidia,*Bacteroidales*,2000,0,0,0,5000,0
Bacteria,Desulfobacterota,Desulfobaccia,*Desulfobaccales*,7000,0,0,0,0,0
Bacteria,MBNT15,MBNT15,*MBNT15*,7000,0,0,0,0,0
Bacteria,Patescibacteria,Parcubacteria,*Candidatus_Campbellbacteria*,7000,0,0,0,0,0
Bacteria,Proteobacteria,Gammaproteobacteria,*EV818SWSAP88*,7000,0,0,0,0,0
Bacteria,Actinobacteriota,Acidimicrobiia,*Microtrichales*,6000,0,0,0,0,0
Bacteria,Chloroflexi,TK10,*TK10*,6000,0,0,0,0,0
Bacteria,Desulfobacterota,Desulfuromonadia,*PB19*,6000,0,0,0,0,0
Bacteria,Firmicutes,Clostridia,*Caldicoprobacterales*,0,6000,0,0,0,0
Bacteria,Proteobacteria,Alphaproteobacteria,*Kiloniellales*,0,6000,0,0,0,0
Bacteria,Sumerlaeota,Sumerlaeia,*Sumerlaeales*,6000,0,0,0,0,0
Bacteria,Armatimonadota,Class of Armatimonadota,*Order* (*of*) Armatimonadota,5000,0,0,0,0,0
Bacteria,Bacteroidota,Kapabacteria,*Kapabacteriales*,5000,0,0,0,0,0
Bacteria,Chloroflexi,Anaerolineae,*RBG-13-54-9*,1000,0,0,0,0,4000
Bacteria,Planctomycetota,Planctomycetes,*Isosphaerales*,5000,0,0,0,0,0
Bacteria,Proteobacteria,Alphaproteobacteria,*Acetobacterales*,5000,0,0,0,0,0
Bacteria,Proteobacteria,Alphaproteobacteria,*Azospirillales*,2000,3000,0,0,0,0
Bacteria,Proteobacteria,Gammaproteobacteria,*Beggiatoales*,5000,0,0,0,0,0
Archaea,Crenarchaeota,Nitrososphaeria,*Nitrosopumilales*,4000,0,0,0,0,0
Bacteria,Bacteroidota,Kryptonia,*Kryptoniales*,4000,0,0,0,0,0
Bacteria,Chloroflexi,Dehalococcoidia,*JdFR-54*,4000,0,0,0,0,0
Bacteria,Chloroflexi,Dehalococcoidia,*SPG12-343-353-B75*,4000,0,0,0,0,0
Bacteria,Desulfobacterota,Syntrophia,*Syntrophales*,4000,0,0,0,0,0
Bacteria,Latescibacterota,Latescibacteria,*Latescibacterales*,4000,0,0,0,0,0
Bacteria,Margulisbacteria,Margulisbacteria,*Margulisbacteria*,4000,0,0,0,0,0
Bacteria,Methylomirabilota,Methylomirabilia,*Rokubacteriales*,4000,0,0,0,0,0
Bacteria,NB1-j,NB1-j,*NB1-j*,4000,0,0,0,0,0
Bacteria,Patescibacteria,Parcubacteria,*Candidatus_Lloydbacteria*,4000,0,0,0,0,0
Bacteria,Patescibacteria,Parcubacteria,*Candidatus_Nealsonbacteria*,4000,0,0,0,0,0
Bacteria,Proteobacteria,Alphaproteobacteria,*Parvibaculales*,4000,0,0,0,0,0
Bacteria,Proteobacteria,Gammaproteobacteria,*Nitrosococcales*,4000,0,0,0,0,0
Bacteria,Verrucomicrobiota,Lentisphaeria,*Lentisphaerales*,4000,0,0,0,0,0
Archaea,Thermoplasmatota,Thermoplasmata,*Order* (*of*) Thermoplasmata,3000,0,0,0,0,0
Bacteria,Actinobacteriota,Acidimicrobiia,*IMCC26256*,3000,0,0,0,0,0
Bacteria,Actinobacteriota,Actinobacteria,*Frankiales*,3000,0,0,0,0,0
Bacteria,Chloroflexi,Dehalococcoidia,*3051bac4-16*,3000,0,0,0,0,0
Bacteria,Desulfobacterota,Desulfobacteria,*Desulfobacterales*,3000,0,0,0,0,0
Bacteria,Hydrogenedentes,Hydrogenedentia,*Hydrogenedentiales*,3000,0,0,0,0,0
Bacteria,Patescibacteria,Parcubacteria,*Candidatus_Giovannonibacteria*,3000,0,0,0,0,0
Bacteria,Planctomycetota,028H05-P-BN-P5,*028H05-P-BN-P5*,3000,0,0,0,0,0
Bacteria,Planctomycetota,Planctomycetes,*Order* (*of*) Planctomycetes,3000,0,0,0,0,0
Bacteria,Proteobacteria,Alphaproteobacteria,*Zavarziniales*,3000,0,0,0,0,0
Bacteria,Proteobacteria,Gammaproteobacteria,*Acidithiobacillales*,3000,0,0,0,0,0
Bacteria,Proteobacteria,Gammaproteobacteria,*Cellvibrionales*,3000,0,0,0,0,0
Bacteria,Proteobacteria,Gammaproteobacteria,*Ectothiorhodospirales*,3000,0,0,0,0,0
Archaea,Crenarchaeota,Nitrososphaeria,*Group_1.1c*,2000,0,0,0,0,0
Bacteria,Acidobacteriota,Acidobacteriae,*Subgroup_2*,2000,0,0,0,0,0
Bacteria,Acidobacteriota,Blastocatellia,*Pyrinomonadales*,2000,0,0,0,0,0
Bacteria,Bacteroidota,Class of Bacteroidota,*Order* (*of*) Bacteroidota,2000,0,0,0,0,0
Bacteria,Chloroflexi,Anaerolineae,*Caldilineales*,2000,0,0,0,0,0
Bacteria,Firmicutes,Clostridia,*Order* (*of*) Clostridia,2000,0,0,0,0,0
Bacteria,Myxococcota,Polyangia,*VHS-B3-70*,2000,0,0,0,0,0
Bacteria,Nitrospirota,Leptospirillia,*Leptospirillales*,2000,0,0,0,0,0
Bacteria,Patescibacteria,Microgenomatia,*Candidatus_Daviesbacteria*,2000,0,0,0,0,0
Bacteria,Patescibacteria,Parcubacteria,*Candidatus_Vogelbacteria*,2000,0,0,0,0,0
Bacteria,Proteobacteria,Alphaproteobacteria,*Ferrovibrionales*,2000,0,0,0,0,0
Bacteria,Proteobacteria,Alphaproteobacteria,*NRL2*,2000,0,0,0,0,0
Bacteria,Proteobacteria,Gammaproteobacteria,*EC3*,2000,0,0,0,0,0
Bacteria,Proteobacteria,Gammaproteobacteria,*JTB23*,2000,0,0,0,0,0
Bacteria,Proteobacteria,Gammaproteobacteria,*Thiotrichales*,2000,0,0,0,0,0
Archaea,Aenigmarchaeota,Deep_Sea_Euryarchaeotic_Group(DSEG),*Deep_Sea_Euryarchaeotic_Group(DSEG)*,1000,0,0,0,0,0
Archaea,Crenarchaeota,Nitrososphaeria,*Marine_Benthic_Group_A*,1000,0,0,0,0,0
Archaea,Halobacterota,ANME-1,*ANME-1a*,1000,0,0,0,0,0
Archaea,Halobacterota,Methanomicrobia,*Methanomicrobiales*,1000,0,0,0,0,0
Bacteria,Acidobacteriota,Acidobacteriae,*Order* (*of*) Acidobacteriae,1000,0,0,0,0,0
Bacteria,Acidobacteriota,Acidobacteriae,*Subgroup_13*,1000,0,0,0,0,0
Bacteria,Acidobacteriota,Aminicenantia,*Aminicenantales*,1000,0,0,0,0,0
Bacteria,Acidobacteriota,Blastocatellia,*DS-100*,1000,0,0,0,0,0
Bacteria,Acidobacteriota,Thermoanaerobaculia,*Thermoanaerobaculales*,1000,0,0,0,0,0
Bacteria,Actinobacteriota,Class of Actinobacteriota,*Order* (*of*) Actinobacteriota,1000,0,0,0,0,0
Bacteria,Armatimonadota,Fimbriimonadia,*Fimbriimonadales*,1000,0,0,0,0,0
Bacteria,Bdellovibrionota,Oligoflexia,*053A03-B-DI-P58*,1000,0,0,0,0,0
Bacteria,Campilobacterota,Campylobacteria,*Campylobacterales*,1000,0,0,0,0,0
Bacteria,Chloroflexi,Chloroflexia,*Chloroflexales*,1000,0,0,0,0,0
Bacteria,Chloroflexi,Class of Chloroflexi,*Order* (*of*) Chloroflexi,1000,0,0,0,0,0
Bacteria,Chloroflexi,Dehalococcoidia,*ER-E4-17*,1000,0,0,0,0,0
Bacteria,Chloroflexi,Dehalococcoidia,*MB-C2-126*,1000,0,0,0,0,0
Bacteria,Chloroflexi,Dehalococcoidia,*Napoli-4B-65*,1000,0,0,0,0,0
Bacteria,Chloroflexi,Dehalococcoidia,*Sh765B-TzT-20*,1000,0,0,0,0,0
Bacteria,Chloroflexi,Dehalococcoidia,*vadinBA26*,1000,0,0,0,0,0
Bacteria,Desulfobacterota,Desulfobulbia,*Desulfobulbales*,1000,0,0,0,0,0
Bacteria,Desulfobacterota,Desulfuromonadia,*Bradymonadales*,1000,0,0,0,0,0
Bacteria,Elusimicrobiota,4-29,*4-29*,1000,0,0,0,0,0
Bacteria,Elusimicrobiota,Class of Elusimicrobiota,*Order* (*of*) Elusimicrobiota,1000,0,0,0,0,0
Bacteria,Elusimicrobiota,Elusimicrobia,*Order* (*of*) Elusimicrobia,1000,0,0,0,0,0
Bacteria,Firmicutes,Clostridia,*Clostridia*,1000,0,0,0,0,0
Bacteria,Myxococcota,Polyangia,*FFCH16767*,1000,0,0,0,0,0
Bacteria,Myxococcota,Polyangia,*mle1-27*,1000,0,0,0,0,0
Bacteria,Nitrospinota,P9X2b3D02,*P9X2b3D02*,1000,0,0,0,0,0
Bacteria,Patescibacteria,ABY1,*Candidatus_Kerfeldbacteria*,1000,0,0,0,0,0
Bacteria,Patescibacteria,Gracilibacteria,*Order* (*of*) Gracilibacteria,1000,0,0,0,0,0
Bacteria,Patescibacteria,Microgenomatia,*Candidatus_Gottesmanbacteria*,1000,0,0,0,0,0
Bacteria,Patescibacteria,Parcubacteria,*Candidatus_Liptonbacteria*,1000,0,0,0,0,0
Bacteria,Patescibacteria,Parcubacteria,*Candidatus_Staskawiczbacteria*,1000,0,0,0,0,0
Bacteria,Planctomycetota,Phycisphaerae,*C86*,1000,0,0,0,0,0
Bacteria,Proteobacteria,Alphaproteobacteria,*Sneathiellales*,1000,0,0,0,0,0
Bacteria,Proteobacteria,Gammaproteobacteria,*CCM19a*,1000,0,0,0,0,0
Bacteria,Proteobacteria,Gammaproteobacteria,*Cardiobacteriales*,1000,0,0,0,0,0
Bacteria,Proteobacteria,Gammaproteobacteria,*SS1-B-09-64*,1000,0,0,0,0,0
Bacteria,TA06,TA06,*TA06*,1000,0,0,0,0,0
Bacteria,WOR-1,WOR-1,*WOR-1*,1000,0,0,0,0,0
Bacteria,Actinobacteriota,Actinobacteria,*Kineosporiales*,0,0,0,0,0,0
Bacteria,Bacteroidota,Bacteroidia,*SM1A07*,0,0,0,0,0,0
Bacteria,Chloroflexi,Dehalococcoidia,*SAR202_clade*,0,0,0,0,0,0
Bacteria,Firmicutes,Clostridia,*Lachnospirales*,0,0,0,0,0,0
Bacteria,Firmicutes,Thermacetogenia,*Thermacetogeniales*,0,0,0,0,0,0
Bacteria,Myxococcota,Polyangia,*MSB-4B10*,0,0,0,0,0,0
Bacteria,NKB15,NKB15,*NKB15*,0,0,0,0,0,0
Bacteria,Patescibacteria,Parcubacteria,*Candidatus_Colwellbacteria*,0,0,0,0,0,0
Bacteria,Proteobacteria,Alphaproteobacteria,*Elsterales*,0,0,0,0,0,0
Bacteria,Proteobacteria,Alphaproteobacteria,*Puniceispirillales*,0,0,0,0,0,0
