Kingdom,Phylum,Class,Order,Family,Sample.01,Sample.02,Sample.03,Sample.04,Sample.05,Sample.06
Bacteria,Proteobacteria,Gammaproteobacteria,Burkholderiales,*Comamonadaceae*,603000,120120000,13893000,670164000,36704000,272626000
Bacteria,Proteobacteria,Gammaproteobacteria,Pseudomonadales,*Pseudomonadaceae*,47000,3748000,156294000,68124000,101400000,484000
Bacteria,Proteobacteria,Gammaproteobacteria,Alteromonadales,*Alteromonadaceae*,154000,1314000,238321000,68735000,2144000,1314000
Bacteria,Proteobacteria,Gammaproteobacteria,Burkholderiales,*Methylophilaceae*,56000,335000,3177000,2848000,114871000,476000
Bacteria,Proteobacteria,Gammaproteobacteria,Pseudomonadales,*Moraxellaceae*,13000,112000,5884000,49988000,132000,91000
Bacteria,Acidobacteriota,Vicinamibacteria,Vicinamibacterales,*Vicinamibacteraceae*,1771000,1395000,2449000,2151000,1337000,1253000
Bacteria,Bacteroidota,Bacteroidia,Flavobacteriales,*Flavobacteriaceae*,16000,32000,6020000,126000,25000,30000
Bacteria,Proteobacteria,Alphaproteobacteria,Sphingomonadales,*Sphingomonadaceae*,45000,757000,827000,1492000,2616000,509000
Archaea,Nanoarchaeota,Nanoarchaeia,Woesearchaeales,*Woesearchaeales*,508000,718000,1486000,792000,1010000,1543000
Bacteria,Verrucomicrobiota,Omnitrophia,Omnitrophales,*Omnitrophaceae*,1579000,1238000,926000,678000,598000,772000
Bacteria,Verrucomicrobiota,Omnitrophia,Omnitrophales,*Omnitrophales*,2228000,538000,1433000,620000,367000,493000
Bacteria,Patescibacteria,Parcubacteria,Candidatus_Zambryskibacteria,*Candidatus_Zambryskibacteria*,1120000,664000,1038000,899000,428000,141000
Bacteria,Proteobacteria,Gammaproteobacteria,Burkholderiales,*Rhodocyclaceae*,29000,1401000,881000,587000,246000,203000
Bacteria,Proteobacteria,Alphaproteobacteria,Rickettsiales,*SM2D12*,548000,550000,696000,519000,410000,352000
Bacteria,Proteobacteria,Alphaproteobacteria,Caulobacterales,*Caulobacteraceae*,13000,52000,2349000,157000,380000,20000
Bacteria,Nitrospirota,Nitrospiria,Nitrospirales,*Nitrospiraceae*,699000,334000,737000,393000,340000,270000
Bacteria,Acidobacteriota,Vicinamibacteria,Vicinamibacterales,*Family* (*of*) Vicinamibacterales,581000,166000,674000,621000,365000,285000
Bacteria,Actinobacteriota,Actinobacteria,Micrococcales,*Micrococcaceae*,63000,205000,303000,925000,766000,359000
Bacteria,Cyanobacteria,Cyanobacteriia,Cyanobacteriales,*Microcystaceae*,904000,572000,723000,145000,146000,119000
Bacteria,Bdellovibrionota,Bdellovibrionia,Bdellovibrionales,*Bdellovibrionaceae*,873000,147000,546000,206000,153000,134000
Bacteria,Bacteroidota,Bacteroidia,Flavobacteriales,*Weeksellaceae*,57000,141000,385000,543000,531000,218000
Bacteria,Proteobacteria,Gammaproteobacteria,Burkholderiales,*Nitrosomonadaceae*,348000,269000,297000,380000,222000,137000
Bacteria,Planctomycetota,Planctomycetes,Pirellulales,*Pirellulaceae*,256000,197000,392000,245000,284000,211000
Bacteria,Actinobacteriota,Actinobacteria,Propionibacteriales,*Propionibacteriaceae*,24000,122000,215000,504000,364000,158000
Bacteria,Elusimicrobiota,Lineage_IIc,Lineage_IIc,*Lineage_IIc*,431000,153000,387000,290000,0,58000
Bacteria,Proteobacteria,Alphaproteobacteria,Micavibrionales,*Family* (*of*) Micavibrionales,236000,172000,264000,185000,196000,141000
Bacteria,Proteobacteria,Alphaproteobacteria,Rhodospirillales,*Rhodospirillaceae*,187000,263000,234000,152000,118000,222000
Bacteria,Elusimicrobiota,Lineage_IIa,Lineage_IIa,*Lineage_IIa*,291000,90000,352000,176000,135000,81000
Bacteria,Bdellovibrionota,Oligoflexia,0319-6G20,*0319-6G20*,337000,135000,215000,64000,32000,93000
Bacteria,Proteobacteria,Gammaproteobacteria,Burkholderiales,*Gallionellaceae*,164000,59000,225000,202000,100000,98000
Bacteria,Cyanobacteria,Vampirivibrionia,Caenarcaniphilales,*Caenarcaniphilales*,109000,167000,180000,175000,106000,93000
Archaea,Nanoarchaeota,Nanoarchaeia,Woesearchaeales,*SCGC_AAA011-D5*,51000,122000,83000,89000,252000,62000
Bacteria,Patescibacteria,Parcubacteria,Parcubacteria,*Parcubacteria*,99000,129000,111000,179000,94000,37000
Bacteria,Patescibacteria,Parcubacteria,Candidatus_Kaiserbacteria,*Candidatus_Kaiserbacteria*,155000,127000,63000,230000,26000,43000
Bacteria,Proteobacteria,Alphaproteobacteria,Rhizobiales,*A0839*,79000,94000,138000,139000,63000,109000
Archaea,Halobacterota,Methanosarcinia,Methanosarciniales,*Methanoperedenaceae*,106000,45000,146000,52000,118000,146000
Archaea,Euryarchaeota,Thermococci,Methanofastidiosales,*Family* (*of*) Methanofastidiosales,88000,36000,214000,65000,106000,55000
Bacteria,Proteobacteria,Alphaproteobacteria,Rhodobacterales,*Rhodobacteraceae*,76000,117000,111000,136000,85000,39000
Archaea,Hadarchaeota,Hadarchaeia,Hadarchaeia,*Hadarchaeales*,43000,95000,186000,65000,67000,69000
Archaea,Crenarchaeota,Bathyarchaeia,Bathyarchaeia,*Bathyarchaeia*,26000,158000,72000,40000,111000,114000
Archaea,Aenigmarchaeota,Aenigmarchaeia,Aenigmarchaeales,*Aenigmarchaeales*,30000,167000,140000,0,106000,77000
Bacteria,Bacteroidota,Bacteroidia,Chitinophagales,*Chitinophagaceae*,70000,121000,28000,140000,62000,87000
Bacteria,Planctomycetota,Planctomycetes,Planctomycetales,*Schlesneriaceae*,60000,91000,123000,53000,87000,70000
Bacteria,Patescibacteria,Parcubacteria,Order of Parcubacteria,*Family* (*of*) Parcubacteria,101000,207000,68000,60000,13000,22000
Bacteria,Planctomycetota,OM190,OM190,*OM190*,274000,9000,158000,0,0,27000
Bacteria,Bacteroidota,Bacteroidia,Sphingobacteriales,*Sphingobacteriaceae*,155000,12000,140000,82000,49000,26000
Bacteria,Proteobacteria,Gammaproteobacteria,Burkholderiales,*TRA3-20*,122000,87000,85000,93000,13000,52000
Bacteria,Cyanobacteria,Vampirivibrionia,Vampirovibrionales,*Vampirovibrionales*,74000,112000,171000,30000,25000,31000
Bacteria,Patescibacteria,Gracilibacteria,Absconditabacteriales_(SR1),*Absconditabacteriales_(SR1)*,58000,25000,118000,78000,104000,39000
Bacteria,Proteobacteria,Alphaproteobacteria,Caulobacterales,*Hyphomonadaceae*,50000,76000,106000,122000,0,64000
Bacteria,Bacteroidota,Bacteroidia,Sphingobacteriales,*env.OPS_17*,131000,46000,108000,51000,39000,28000
Bacteria,Planctomycetota,BD7-11,BD7-11,*BD7-11*,84000,47000,133000,51000,35000,52000
Bacteria,Proteobacteria,Alphaproteobacteria,Rhizobiales,*Hyphomicrobiaceae*,74000,146000,89000,57000,0,35000
Bacteria,BHI80-139,BHI80-139,BHI80-139,*BHI80-139*,38000,53000,102000,108000,37000,58000
Bacteria,Actinobacteriota,Actinobacteria,Corynebacteriales,*Corynebacteriaceae*,5000,42000,91000,152000,50000,54000
Bacteria,Myxococcota,bacteriap25,bacteriap25,*bacteriap25*,120000,28000,106000,59000,45000,32000
Archaea,Iainarchaeota,Iainarchaeia,Iainarchaeales,*Iainarchaeales*,10000,82000,35000,0,88000,165000
Bacteria,Gemmatimonadota,BD2-11_terrestrial_group,BD2-11_terrestrial_group,*BD2-11_terrestrial_group*,45000,59000,90000,94000,42000,44000
Bacteria,Chloroflexi,JG30-KF-CM66,JG30-KF-CM66,*JG30-KF-CM66*,83000,70000,118000,14000,81000,0
Bacteria,Chloroflexi,Dehalococcoidia,Order of Dehalococcoidia,*Family* (*of*) Dehalococcoidia,53000,145000,63000,58000,17000,24000
Bacteria,Entotheonellaeota,Entotheonellia,Entotheonellales,*Entotheonellaceae*,136000,14000,82000,58000,0,65000
Bacteria,Proteobacteria,Alphaproteobacteria,Micavibrionales,*Micavibrionaceae*,71000,79000,77000,45000,32000,43000
Bacteria,Planctomycetota,Planctomycetes,Planctomycetales,*Family* (*of*) Planctomycetales,73000,55000,63000,73000,36000,43000
Bacteria,Verrucomicrobiota,Omnitrophia,Omnitrophales,*Family* (*of*) Omnitrophales,164000,36000,0,75000,13000,51000
Bacteria,Proteobacteria,Alphaproteobacteria,Rhodospirillales,*Family* (*of*) Rhodospirillales,91000,50000,99000,21000,35000,30000
Bacteria,Patescibacteria,Gracilibacteria,Candidatus_Peregrinibacteria,*Candidatus_Peregrinibacteria*,68000,53000,105000,21000,42000,35000
Bacteria,Patescibacteria,Parcubacteria,Candidatus_Adlerbacteria,*Candidatus_Adlerbacteria*,17000,113000,28000,110000,21000,30000
Bacteria,Patescibacteria,Parcubacteria,Candidatus_Nomurabacteria,*Candidatus_Nomurabacteria*,109000,95000,0,44000,20000,45000
Bacteria,Planctomycetota,Planctomycetes,Gemmatales,*Gemmataceae*,66000,75000,37000,65000,50000,19000
Bacteria,Proteobacteria,Alphaproteobacteria,Caulobacterales,*Parvularculaceae*,35000,72000,71000,72000,0,41000
Bacteria,Cyanobacteria,Vampirivibrionia,Obscuribacterales,*Obscuribacteraceae*,40000,96000,0,46000,8000,93000
Archaea,Nanoarchaeota,Nanoarchaeia,Woesearchaeales,*GW2011_GWC1_47_15*,18000,103000,0,0,99000,61000
Bacteria,Proteobacteria,Alphaproteobacteria,Rhizobiales,*Xanthobacteraceae*,48000,78000,29000,42000,42000,38000
Bacteria,Planctomycetota,Phycisphaerae,S-70,*S-70*,114000,17000,42000,49000,30000,16000
Bacteria,Proteobacteria,Gammaproteobacteria,PLTA13,*PLTA13*,25000,35000,70000,54000,0,55000
Bacteria,Proteobacteria,Gammaproteobacteria,Diplorickettsiales,*Diplorickettsiaceae*,52000,30000,62000,36000,21000,30000
Bacteria,Proteobacteria,Gammaproteobacteria,Xanthomonadales,*Xanthomonadaceae*,3000,0,0,182000,24000,22000
Bacteria,Proteobacteria,Alphaproteobacteria,Holosporales,*Holosporaceae*,30000,58000,86000,16000,5000,32000
Bacteria,Dependentiae,Babeliae,Babeliales,*Babeliales*,87000,0,87000,21000,28000,0
Bacteria,Chloroflexi,Anaerolineae,Anaerolineales,*Anaerolineaceae*,10000,23000,63000,62000,23000,40000
Bacteria,Elusimicrobiota,Elusimicrobia,Lineage_IV,*Lineage_IV*,60000,82000,36000,0,0,40000
Bacteria,Chloroflexi,Dehalococcoidia,S085,*S085*,42000,90000,0,21000,50000,10000
Bacteria,Bacteroidota,Bacteroidia,Sphingobacteriales,*KD3-93*,68000,9000,57000,44000,22000,12000
Bacteria,Sva0485,Sva0485,Sva0485,*Sva0485*,42000,42000,69000,0,34000,11000
Bacteria,RCP2-54,RCP2-54,RCP2-54,*RCP2-54*,41000,23000,56000,37000,12000,22000
Bacteria,Proteobacteria,Gammaproteobacteria,Order of Gammaproteobacteria,*Family* (*of*) Gammaproteobacteria,65000,56000,20000,8000,26000,12000
Bacteria,Firmicutes,Bacilli,Staphylococcales,*Staphylococcaceae*,4000,14000,41000,65000,38000,23000
Bacteria,Verrucomicrobiota,Chlamydiae,Chlamydiales,*Simkaniaceae*,51000,31000,34000,44000,0,23000
Bacteria,Elusimicrobiota,Lineage_IIb,Lineage_IIb,*Lineage_IIb*,117000,34000,0,0,0,26000
Bacteria,Bdellovibrionota,Bdellovibrionia,Bacteriovoracales,*Bacteriovoracaceae*,75000,18000,43000,14000,0,19000
Bacteria,Proteobacteria,Alphaproteobacteria,Order of Alphaproteobacteria,*Family* (*of*) Alphaproteobacteria,56000,71000,22000,0,14000,0
Bacteria,Patescibacteria,Parcubacteria,Candidatus_Azambacteria,*Candidatus_Azambacteria*,82000,18000,15000,16000,12000,15000
Bacteria,Patescibacteria,Gracilibacteria,Candidatus_Peribacteria,*Candidatus_Peribacteria*,62000,12000,49000,0,25000,8000
Bacteria,Verrucomicrobiota,Verrucomicrobiae,Pedosphaerales,*Pedosphaeraceae*,76000,45000,35000,0,0,0
Bacteria,Bacteroidota,Bacteroidia,Cytophagales,*Microscillaceae*,27000,32000,14000,50000,9000,11000
Bacteria,Proteobacteria,Alphaproteobacteria,Rickettsiales,*Rickettsiaceae*,95000,23000,0,0,25000,0
Bacteria,Acidobacteriota,Vicinamibacteria,Subgroup_17,*Subgroup_17*,50000,0,63000,0,0,18000
Archaea,Nanoarchaeota,Nanoarchaeia,Woesearchaeales,*Family* (*of*) Woesearchaeales,15000,0,55000,8000,18000,31000
Bacteria,Chloroflexi,Anaerolineae,SBR1031,*A4b*,9000,0,27000,66000,0,15000
Bacteria,Dadabacteria,Dadabacteriia,Dadabacteriales,*Dadabacteriales*,12000,23000,29000,35000,18000,0
Bacteria,Patescibacteria,Gracilibacteria,JGI_0000069-P22,*JGI_0000069-P22*,24000,26000,62000,0,0,0
Bacteria,Proteobacteria,Alphaproteobacteria,Rhizobiales,*Labraceae*,35000,39000,0,0,38000,0
Bacteria,Bacteroidota,Bacteroidia,Sphingobacteriales,*NS11-12_marine_group*,36000,18000,16000,16000,9000,14000
Bacteria,Chloroflexi,Dehalococcoidia,Dehalococcoidales,*Family* (*of*) Dehalococcoidales,7000,55000,0,20000,0,23000
Bacteria,Nitrospirota,Thermodesulfovibrionia,Order of Thermodesulfovibrionia,*Family* (*of*) Thermodesulfovibrionia,11000,17000,0,62000,0,15000
Bacteria,Patescibacteria,Microgenomatia,Candidatus_Woesebacteria,*Candidatus_Woesebacteria*,8000,23000,0,37000,0,31000
Bacteria,Proteobacteria,Gammaproteobacteria,Legionellales,*Legionellaceae*,18000,21000,42000,8000,9000,0
Bacteria,Verrucomicrobiota,Omnitrophia,Omnitrophales,*koll11*,43000,34000,21000,0,0,0
Bacteria,Proteobacteria,Gammaproteobacteria,Oceanospirillales,*Alcanivoracaceae*,8000,25000,64000,0,0,0
Archaea,Nanoarchaeota,Nanoarchaeia,Woesearchaeales,*GW2011*,0,0,0,0,0,96000
Bacteria,Proteobacteria,Alphaproteobacteria,Paracaedibacterales,*Paracaedibacteraceae*,55000,18000,22000,0,0,0
Bacteria,Proteobacteria,Gammaproteobacteria,Coxiellales,*Coxiellaceae*,22000,6000,50000,0,17000,0
Archaea,Nanoarchaeota,Nanoarchaeia,Woesearchaeales,*SCGC_AAA286-E23*,10000,20000,36000,15000,12000,0
Bacteria,Bacteroidota,Bacteroidia,Sphingobacteriales,*Family* (*of*) Sphingobacteriales,62000,31000,0,0,0,0
Bacteria,Actinobacteriota,Thermoleophilia,Solirubrobacterales,*67-14*,17000,0,0,45000,29000,0
Bacteria,SAR324_clade(Marine_group_B),SAR324_clade(Marine_group_B),SAR324_clade(Marine_group_B),*SAR324_clade(Marine_group_B)*,50000,15000,8000,0,5000,12000
Bacteria,Proteobacteria,Alphaproteobacteria,Rickettsiales,*Family* (*of*) Rickettsiales,18000,20000,50000,0,0,0
Bacteria,Proteobacteria,Gammaproteobacteria,Gammaproteobacteria_Incertae_Sedis,*Unknown_Family*,53000,0,7000,0,11000,17000
Bacteria,Acidobacteriota,Blastocatellia,11-24,*11-24*,30000,21000,35000,0,0,0
Bacteria,Proteobacteria,Gammaproteobacteria,HglApr721,*HglApr721*,17000,14000,0,0,17000,36000
Bacteria,Zixibacteria,Zixibacteria,Zixibacteria,*Zixibacteria*,11000,21000,14000,30000,5000,0
Bacteria,Verrucomicrobiota,Chlamydiae,Chlamydiales,*cvE6*,15000,32000,22000,0,9000,0
Bacteria,Patescibacteria,Parcubacteria,Candidatus_Yanofskybacteria,*Candidatus_Yanofskybacteria*,16000,24000,15000,0,0,22000
Bacteria,Proteobacteria,Alphaproteobacteria,Rhizobiales,*Rhizobiales_Incertae_Sedis*,19000,6000,0,0,41000,10000
Bacteria,Proteobacteria,Gammaproteobacteria,Burkholderiales,*Burkholderiaceae*,11000,0,29000,23000,8000,0
Bacteria,Chloroflexi,Dehalococcoidia,Sh765B-AG-111,*Sh765B-AG-111*,10000,59000,0,0,0,0
Bacteria,Planctomycetota,Phycisphaerae,CCM11a,*CCM11a*,52000,0,14000,0,0,0
Bacteria,Acidobacteriota,Acidobacteriae,Bryobacterales,*Bryobacteraceae*,33000,0,0,14000,17000,0
Bacteria,Planctomycetota,Phycisphaerae,Phycisphaerales,*Phycisphaeraceae*,29000,34000,0,0,0,0
Bacteria,Proteobacteria,Alphaproteobacteria,Caedibacterales,*Caedibacteraceae*,8000,12000,21000,22000,0,0
Bacteria,Chloroflexi,Dehalococcoidia,t0.6.f,*t0.6.f*,7000,6000,0,0,25000,22000
Bacteria,Proteobacteria,Class of Proteobacteria,Order of Proteobacteria,*Family* (*of*) Proteobacteria,45000,0,0,0,8000,7000
Archaea,Micrarchaeota,Micrarchaeia,Micrarchaeales,*CG1-02-32-21*,2000,0,0,36000,20000,0
Bacteria,Chloroflexi,Anaerolineae,Ardenticatenales,*Family* (*of*) Ardenticatenales,23000,0,35000,0,0,0
Bacteria,Bdellovibrionota,Oligoflexia,Oligoflexales,*Family* (*of*) Oligoflexales,28000,0,14000,14000,0,0
Bacteria,Bacteroidota,Rhodothermia,Rhodothermales,*Rhodothermaceae*,0,0,0,0,33000,21000
Bacteria,Patescibacteria,Parcubacteria,Paceibacterales,*Paceibacteraceae*,7000,20000,15000,0,0,11000
Bacteria,Planctomycetota,Planctomycetes,Planctomycetales,*Rubinisphaeraceae*,15000,0,21000,0,17000,0
Bacteria,Planctomycetota,vadinHA49,vadinHA49,*vadinHA49*,17000,12000,0,23000,0,0
Bacteria,Proteobacteria,Alphaproteobacteria,Rhizobiales,*Family* (*of*) Rhizobiales,13000,20000,0,8000,0,11000
Bacteria,Verrucomicrobiota,Verrucomicrobiae,Verrucomicrobiales,*Rubritaleaceae*,0,0,14000,27000,0,10000
Bacteria,Myxococcota,Polyangia,Haliangiales,*Haliangiaceae*,36000,0,14000,0,0,0
Bacteria,Verrucomicrobiota,Verrucomicrobiae,Opitutales,*Opitutaceae*,36000,0,0,14000,0,0
Bacteria,Verrucomicrobiota,Verrucomicrobiae,Methylacidiphilales,*Methylacidiphilaceae*,33000,0,0,0,0,16000
Bacteria,Proteobacteria,Alphaproteobacteria,Rhizobiales,*Beijerinckiaceae*,7000,0,0,38000,0,0
Bacteria,Acidobacteriota,Subgroup_22,Subgroup_22,*Subgroup_22*,21000,0,22000,0,0,0
Bacteria,Myxococcota,Polyangia,Blfdi19,*Blfdi19*,13000,0,0,14000,0,16000
Bacteria,Proteobacteria,Alphaproteobacteria,Rhizobiales,*KF-JG30-B3*,12000,31000,0,0,0,0
Bacteria,Bacteroidota,Bacteroidia,Sphingobacteriales,*AKYH767*,30000,12000,0,0,0,0
Bacteria,Proteobacteria,Gammaproteobacteria,Piscirickettsiales,*Piscirickettsiaceae*,10000,3000,28000,0,0,0
Bacteria,Bacteroidota,Bacteroidia,Sphingobacteriales,*LiUU-11-161*,31000,0,7000,0,0,0
Bacteria,Proteobacteria,Gammaproteobacteria,Burkholderiales,*Neisseriaceae*,12000,6000,7000,0,0,12000
Archaea,Thermoplasmatota,Thermoplasmata,Methanomassiliicoccales,*Family* (*of*) Methanomassiliicoccales,2000,0,34000,0,0,0
Bacteria,Proteobacteria,Gammaproteobacteria,Burkholderiales,*Oxalobacteraceae*,6000,0,21000,8000,0,0
Bacteria,Planctomycetota,Pla4_lineage,Pla4_lineage,*Pla4_lineage*,22000,0,0,0,0,12000
Bacteria,Myxococcota,Myxococcia,Myxococcales,*Myxococcaceae*,14000,9000,0,0,9000,0
Bacteria,Patescibacteria,Parcubacteria,Candidatus_Jorgensenbacteria,*Candidatus_Jorgensenbacteria*,9000,15000,0,8000,0,0
Bacteria,Firmicutes,Bacilli,Lactobacillales,*Carnobacteriaceae*,1000,0,14000,15000,0,0
Bacteria,Proteobacteria,Gammaproteobacteria,Aeromonadales,*Aeromonadaceae*,2000,0,28000,0,0,0
Archaea,Thermoplasmatota,Thermoplasmata,Marine_Benthic_Group_D_and_DHVEG-1,*Marine_Benthic_Group_D_and_DHVEG-1*,1000,6000,0,0,22000,0
Bacteria,Bacteroidota,OC31,OC31,*OC31*,1000,28000,0,0,0,0
Bacteria,Chloroflexi,OLB14,OLB14,*OLB14*,19000,0,0,0,0,10000
Bacteria,Patescibacteria,Berkelbacteria,Berkelbacteria,*Berkelbacteria*,3000,12000,14000,0,0,0
Bacteria,Bacteroidota,Bacteroidia,Flavobacteriales,*Cryomorphaceae*,14000,0,14000,0,0,0
Bacteria,Chloroflexi,KD4-96,KD4-96,*KD4-96*,6000,0,0,0,12000,10000
Bacteria,Desulfobacterota,Class of Desulfobacterota,Order of Desulfobacterota,*Family* (*of*) Desulfobacterota,28000,0,0,0,0,0
Bacteria,Proteobacteria,Gammaproteobacteria,Burkholderiales,*B1-7BS*,19000,0,0,0,9000,0
Bacteria,Verrucomicrobiota,Chlamydiae,Chlamydiales,*Parachlamydiaceae*,16000,12000,0,0,0,0
Bacteria,Bacteroidota,Bacteroidia,Bacteroidetes_VC2.1_Bac22,*Bacteroidetes_VC2.1_Bac22*,3000,12000,0,0,12000,0
Bacteria,Latescibacterota,Latescibacterota,Latescibacterota,*Latescibacterota*,15000,12000,0,0,0,0
Bacteria,Proteobacteria,Alphaproteobacteria,Dongiales,*Dongiaceae*,6000,6000,14000,0,0,0
Bacteria,Chloroflexi,Dehalococcoidia,GIF9,*AB-539-J10*,2000,0,0,0,0,22000
Bacteria,Dependentiae,Babeliae,Babeliales,*UBA12411*,1000,0,0,23000,0,0
Bacteria,Elusimicrobiota,Elusimicrobia,MVP-88,*MVP-88*,24000,0,0,0,0,0
Bacteria,WPS-2,WPS-2,WPS-2,*WPS-2*,11000,0,7000,0,5000,0
Bacteria,Firmicutes,Bacilli,Bacillales,*Bacillaceae*,0,0,7000,15000,0,0
Bacteria,Planctomycetota,Phycisphaerae,mle1-8,*mle1-8*,8000,14000,0,0,0,0
Bacteria,Proteobacteria,Gammaproteobacteria,Oceanospirillales,*Halomonadaceae*,5000,12000,0,0,5000,0
Archaea,Halobacterota,Methanosarcinia,Methanosarciniales,*Methanosaetaceae*,0,0,21000,0,0,0
Bacteria,Bacteroidota,Bacteroidia,Chitinophagales,*Family* (*of*) Chitinophagales,15000,0,0,0,5000,0
Bacteria,FCPU426,FCPU426,FCPU426,*FCPU426*,11000,9000,0,0,0,0
Bacteria,Actinobacteriota,Acidimicrobiia,Order of Acidimicrobiia,*Family* (*of*) Acidimicrobiia,5000,14000,0,0,0,0
Bacteria,Planctomycetota,Phycisphaerae,MSBL9,*SG8-4*,7000,0,0,0,12000,0
Archaea,Altiarchaeota,Altiarchaeia,Altiarchaeales,*Altiarchaeaceae*,1000,17000,0,0,0,0
Bacteria,Chloroflexi,Dehalococcoidia,FS117-23B-02,*FS117-23B-02*,7000,0,0,0,0,11000
Bacteria,Patescibacteria,Microgenomatia,Order of Microgenomatia,*Family* (*of*) Microgenomatia,1000,17000,0,0,0,0
Bacteria,Patescibacteria,Parcubacteria,UBA9983,*UBA9983*,6000,12000,0,0,0,0
Bacteria,Proteobacteria,Alphaproteobacteria,Rhizobiales,*Rhizobiaceae*,6000,12000,0,0,0,0
Bacteria,Bacteroidota,Bacteroidia,Flavobacteriales,*NS9_marine_group*,10000,0,7000,0,0,0
Bacteria,Chloroflexi,Dehalococcoidia,661239,*661239*,3000,0,0,0,0,14000
Bacteria,Marinimicrobia_(SAR406_clade),Marinimicrobia_(SAR406_clade),Marinimicrobia_(SAR406_clade),*Marinimicrobia_(SAR406_clade)*,3000,3000,0,0,0,11000
Bacteria,Planctomycetota,Planctomycetes,Planctomycetales,*Gimesiaceae*,5000,12000,0,0,0,0
Bacteria,Acidobacteriota,Subgroup_5,Subgroup_5,*Subgroup_5*,16000,0,0,0,0,0
Bacteria,Actinobacteriota,Actinobacteria,Micrococcales,*Dermacoccaceae*,0,0,0,16000,0,0
Bacteria,Bacteroidota,Bacteroidia,Sphingobacteriales,*Lentimicrobiaceae*,1000,0,0,15000,0,0
Bacteria,Proteobacteria,Gammaproteobacteria,Ga0077536,*Ga0077536*,16000,0,0,0,0,0
Bacteria,Proteobacteria,Gammaproteobacteria,Steroidobacterales,*Woeseiaceae*,16000,0,0,0,0,0
Bacteria,Bacteroidota,Bacteroidia,Flavobacteriales,*Crocinitomicaceae*,15000,0,0,0,0,0
Bacteria,Chloroflexi,Dehalococcoidia,FW22,*FW22*,3000,12000,0,0,0,0
Bacteria,Patescibacteria,Gracilibacteria,Gracilibacteria,*Gracilibacteria*,4000,3000,0,0,8000,0
Bacteria,Planctomycetota,Phycisphaerae,Tepidisphaerales,*WD2101_soil_group*,8000,0,0,7000,0,0
Bacteria,Proteobacteria,Gammaproteobacteria,Methylococcales,*Methylomonadaceae*,7000,0,8000,0,0,0
Bacteria,Acidobacteriota,Acidobacteriae,Acidobacteriales,*Family* (*of*) Acidobacteriales,14000,0,0,0,0,0
Bacteria,Acidobacteriota,Blastocatellia,Blastocatellales,*Blastocatellaceae*,14000,0,0,0,0,0
Bacteria,Chloroflexi,Dehalococcoidia,GIF3,*GIF3*,14000,0,0,0,0,0
Bacteria,Firmicutes,Bacilli,Thermicanales,*Thermicanaceae*,0,0,0,14000,0,0
Bacteria,Proteobacteria,Gammaproteobacteria,F9P41300-M23,*F9P41300-M23*,0,0,14000,0,0,0
Bacteria,Verrucomicrobiota,Verrucomicrobiae,Chthoniobacterales,*Chthoniobacteraceae*,2000,12000,0,0,0,0
Archaea,Aenigmarchaeota,Aenigmarchaeota,Aenigmarchaeota,*Aenigmarchaeota*,1000,12000,0,0,0,0
Bacteria,Myxococcota,Polyangia,Polyangiales,*Sandaracinaceae*,13000,0,0,0,0,0
Bacteria,Planctomycetota,Pla3_lineage,Pla3_lineage,*Pla3_lineage*,12000,0,0,0,0,0
Bacteria,Proteobacteria,Alphaproteobacteria,Rickettsiales,*Candidatus_Hepatincola*,3000,9000,0,0,0,0
Bacteria,Proteobacteria,Gammaproteobacteria,Burkholderiales,*Alcaligenaceae*,6000,6000,0,0,0,0
Bacteria,Proteobacteria,Gammaproteobacteria,Xanthomonadales,*Rhodanobacteraceae*,4000,0,0,8000,0,0
Bacteria,Spirochaetota,Leptospirae,Leptospirales,*Leptospiraceae*,4000,0,0,0,8000,0
Bacteria,Bacteroidota,Bacteroidia,Cytophagales,*Cytophagaceae*,11000,0,0,0,0,0
Bacteria,Caldatribacteriota,JS1,JS1,*JS1*,2000,9000,0,0,0,0
Bacteria,Chloroflexi,Dehalococcoidia,MSBL5,*MSBL5*,5000,6000,0,0,0,0
Bacteria,Cyanobacteria,Vampirivibrionia,Vampirovibrionales,*Vampirovibrionaceae*,2000,9000,0,0,0,0
Bacteria,Proteobacteria,Alphaproteobacteria,Reyranellales,*Reyranellaceae*,4000,0,0,0,0,7000
Bacteria,Proteobacteria,Gammaproteobacteria,KF-JG30-C25,*KF-JG30-C25*,0,0,0,0,0,11000
Bacteria,Verrucomicrobiota,Lentisphaeria,Victivallales,*Arctic95B-14*,11000,0,0,0,0,0
Bacteria,Armatimonadota,Chthonomonadetes,Chthonomonadales,*Chthonomonadaceae*,2000,0,0,8000,0,0
Bacteria,Cyanobacteria,Sericytochromatia,Sericytochromatia,*Sericytochromatia*,2000,0,8000,0,0,0
Bacteria,Actinobacteriota,Actinobacteria,Micrococcales,*Microbacteriaceae*,3000,6000,0,0,0,0
Bacteria,Dependentiae,Babeliae,Babeliales,*Vermiphilaceae*,9000,0,0,0,0,0
Bacteria,Firmicutes,Bacilli,Mycoplasmatales,*Mycoplasmataceae*,3000,6000,0,0,0,0
Bacteria,Gemmatimonadota,Gemmatimonadetes,Gemmatimonadales,*Gemmatimonadaceae*,9000,0,0,0,0,0
Bacteria,Myxococcota,Polyangia,Nannocystales,*Nannocystaceae*,9000,0,0,0,0,0
Bacteria,Patescibacteria,Gracilibacteria,Candidatus_Abawacabacteria,*Candidatus_Abawacabacteria*,0,9000,0,0,0,0
Bacteria,Patescibacteria,Saccharimonadia,Saccharimonadales,*Saccharimonadales*,9000,0,0,0,0,0
Bacteria,Proteobacteria,Alphaproteobacteria,Defluviicoccales,*Family* (*of*) Defluviicoccales,9000,0,0,0,0,0
Bacteria,Proteobacteria,Gammaproteobacteria,Acidiferrobacterales,*Acidiferrobacteraceae*,9000,0,0,0,0,0
Bacteria,Proteobacteria,Gammaproteobacteria,Tenderiales,*Tenderiaceae*,9000,0,0,0,0,0
Bacteria,Bacteroidota,Bacteroidia,Order of Bacteroidia,*Family* (*of*) Bacteroidia,8000,0,0,0,0,0
Bacteria,Bdellovibrionota,Oligoflexia,Silvanigrellales,*Silvanigrellaceae*,4000,0,0,0,0,4000
Bacteria,Patescibacteria,Parcubacteria,Candidatus_Moranbacteria,*Candidatus_Moranbacteria*,2000,6000,0,0,0,0
Bacteria,Planctomycetota,Phycisphaerae,DG-20,*DG-20*,2000,6000,0,0,0,0
Bacteria,Proteobacteria,Gammaproteobacteria,BD72BR169,*BD72BR169*,2000,6000,0,0,0,0
Bacteria,Desulfobacterota,Desulfobaccia,Desulfobaccales,*Desulfobaccaceae*,7000,0,0,0,0,0
Bacteria,MBNT15,MBNT15,MBNT15,*MBNT15*,7000,0,0,0,0,0
Bacteria,Patescibacteria,Parcubacteria,Candidatus_Campbellbacteria,*Candidatus_Campbellbacteria*,7000,0,0,0,0,0
Bacteria,Proteobacteria,Gammaproteobacteria,EV818SWSAP88,*EV818SWSAP88*,7000,0,0,0,0,0
Bacteria,Verrucomicrobiota,Verrucomicrobiae,Opitutales,*Puniceicoccaceae*,2000,0,0,0,5000,0
Bacteria,Bacteroidota,Bacteroidia,Chitinophagales,*Saprospiraceae*,3000,3000,0,0,0,0
Bacteria,Chloroflexi,TK10,TK10,*TK10*,6000,0,0,0,0,0
Bacteria,Desulfobacterota,Desulfuromonadia,PB19,*PB19*,6000,0,0,0,0,0
Bacteria,Firmicutes,Clostridia,Caldicoprobacterales,*Caldicoprobacteraceae*,0,6000,0,0,0,0
Bacteria,Patescibacteria,Saccharimonadia,Saccharimonadales,*Saccharimonadaceae*,6000,0,0,0,0,0
Bacteria,Proteobacteria,Alphaproteobacteria,Kiloniellales,*Fodinicurvataceae*,0,6000,0,0,0,0
Bacteria,Proteobacteria,Alphaproteobacteria,Rhizobiales,*Methyloligellaceae*,6000,0,0,0,0,0
Bacteria,Proteobacteria,Alphaproteobacteria,Rickettsiales,*AB1*,6000,0,0,0,0,0
Bacteria,Sumerlaeota,Sumerlaeia,Sumerlaeales,*Sumerlaeaceae*,6000,0,0,0,0,0
Bacteria,Actinobacteriota,Acidimicrobiia,Microtrichales,*Ilumatobacteraceae*,5000,0,0,0,0,0
Bacteria,Armatimonadota,Class of Armatimonadota,Order of Armatimonadota,*Family* (*of*) Armatimonadota,5000,0,0,0,0,0
Bacteria,Bacteroidota,Bacteroidia,Bacteroidales,*Prevotellaceae*,0,0,0,0,5000,0
Bacteria,Bacteroidota,Kapabacteria,Kapabacteriales,*Kapabacteriales*,5000,0,0,0,0,0
Bacteria,Chloroflexi,Anaerolineae,RBG-13-54-9,*RBG-13-54-9*,1000,0,0,0,0,4000
Bacteria,Dependentiae,Babeliae,Babeliales,*Family* (*of*) Babeliales,5000,0,0,0,0,0
Bacteria,Myxococcota,Polyangia,Polyangiales,*Polyangiaceae*,5000,0,0,0,0,0
Bacteria,Planctomycetota,Planctomycetes,Isosphaerales,*Isosphaeraceae*,5000,0,0,0,0,0
Bacteria,Proteobacteria,Alphaproteobacteria,Acetobacterales,*Acetobacteraceae*,5000,0,0,0,0,0
Bacteria,Proteobacteria,Alphaproteobacteria,Rhizobiales,*Amb-16S-1323*,5000,0,0,0,0,0
Bacteria,Proteobacteria,Alphaproteobacteria,Rickettsiales,*Rickettsiales*,5000,0,0,0,0,0
Bacteria,Proteobacteria,Gammaproteobacteria,Beggiatoales,*Beggiatoaceae*,5000,0,0,0,0,0
Bacteria,Proteobacteria,Gammaproteobacteria,Burkholderiales,*Chitinibacteraceae*,2000,3000,0,0,0,0
Archaea,Crenarchaeota,Nitrososphaeria,Nitrosopumilales,*Nitrosopumilaceae*,4000,0,0,0,0,0
Bacteria,Actinobacteriota,Thermoleophilia,Gaiellales,*Gaiellaceae*,4000,0,0,0,0,0
Bacteria,Bacteroidota,Kryptonia,Kryptoniales,*BSV26*,4000,0,0,0,0,0
Bacteria,Chloroflexi,Dehalococcoidia,JdFR-54,*JdFR-54*,4000,0,0,0,0,0
Bacteria,Chloroflexi,Dehalococcoidia,SPG12-343-353-B75,*SPG12-343-353-B75*,4000,0,0,0,0,0
Bacteria,Dependentiae,Babeliae,Babeliales,*UBA12409*,4000,0,0,0,0,0
Bacteria,Desulfobacterota,Syntrophia,Syntrophales,*Syntrophaceae*,4000,0,0,0,0,0
Bacteria,Latescibacterota,Latescibacteria,Latescibacterales,*Latescibacteraceae*,4000,0,0,0,0,0
Bacteria,Margulisbacteria,Margulisbacteria,Margulisbacteria,*Margulisbacteria*,4000,0,0,0,0,0
Bacteria,Methylomirabilota,Methylomirabilia,Rokubacteriales,*Rokubacteriales*,4000,0,0,0,0,0
Bacteria,NB1-j,NB1-j,NB1-j,*NB1-j*,4000,0,0,0,0,0
Bacteria,Patescibacteria,Parcubacteria,Candidatus_Lloydbacteria,*Candidatus_Lloydbacteria*,4000,0,0,0,0,0
Bacteria,Patescibacteria,Parcubacteria,Candidatus_Nealsonbacteria,*Candidatus_Nealsonbacteria*,4000,0,0,0,0,0
Bacteria,Proteobacteria,Alphaproteobacteria,Azospirillales,*Inquilinaceae*,1000,3000,0,0,0,0
Bacteria,Proteobacteria,Alphaproteobacteria,Parvibaculales,*Parvibaculaceae*,4000,0,0,0,0,0
Bacteria,Proteobacteria,Gammaproteobacteria,Alteromonadales,*Idiomarinaceae*,0,0,0,0,0,4000
Bacteria,Proteobacteria,Gammaproteobacteria,Burkholderiales,*Sulfuricellaceae*,4000,0,0,0,0,0
Bacteria,Proteobacteria,Gammaproteobacteria,Nitrosococcales,*Nitrosococcaceae*,4000,0,0,0,0,0
Bacteria,Proteobacteria,Gammaproteobacteria,Oceanospirillales,*Pseudohongiellaceae*,4000,0,0,0,0,0
Bacteria,Proteobacteria,Gammaproteobacteria,Oceanospirillales,*Saccharospirillaceae*,1000,3000,0,0,0,0
Bacteria,Verrucomicrobiota,Chlamydiae,Chlamydiales,*Family* (*of*) Chlamydiales,4000,0,0,0,0,0
Bacteria,Verrucomicrobiota,Lentisphaeria,Lentisphaerales,*Lentisphaeraceae*,4000,0,0,0,0,0
Archaea,Thermoplasmatota,Thermoplasmata,Order of Thermoplasmata,*Family* (*of*) Thermoplasmata,3000,0,0,0,0,0
Bacteria,Actinobacteriota,Acidimicrobiia,IMCC26256,*IMCC26256*,3000,0,0,0,0,0
Bacteria,Actinobacteriota,Actinobacteria,Frankiales,*Sporichthyaceae*,3000,0,0,0,0,0
Bacteria,Actinobacteriota,Thermoleophilia,Gaiellales,*Family* (*of*) Gaiellales,3000,0,0,0,0,0
Bacteria,Bacteroidota,Bacteroidia,Chitinophagales,*37-13*,3000,0,0,0,0,0
Bacteria,Chloroflexi,Dehalococcoidia,3051bac4-16,*3051bac4-16*,3000,0,0,0,0,0
Bacteria,Hydrogenedentes,Hydrogenedentia,Hydrogenedentiales,*Hydrogenedensaceae*,3000,0,0,0,0,0
Bacteria,Patescibacteria,Parcubacteria,Candidatus_Giovannonibacteria,*Candidatus_Giovannonibacteria*,3000,0,0,0,0,0
Bacteria,Patescibacteria,Saccharimonadia,Saccharimonadales,*Family* (*of*) Saccharimonadales,3000,0,0,0,0,0
Bacteria,Patescibacteria,Saccharimonadia,Saccharimonadales,*LWQ8*,3000,0,0,0,0,0
Bacteria,Planctomycetota,028H05-P-BN-P5,028H05-P-BN-P5,*028H05-P-BN-P5*,3000,0,0,0,0,0
Bacteria,Planctomycetota,Planctomycetes,Order of Planctomycetes,*Family* (*of*) Planctomycetes,3000,0,0,0,0,0
Bacteria,Proteobacteria,Alphaproteobacteria,Zavarziniales,*Family* (*of*) Zavarziniales,3000,0,0,0,0,0
Bacteria,Proteobacteria,Gammaproteobacteria,Acidithiobacillales,*Acidithiobacillaceae*,3000,0,0,0,0,0
Bacteria,Proteobacteria,Gammaproteobacteria,Ectothiorhodospirales,*Thioalkalispiraceae*,3000,0,0,0,0,0
Archaea,Crenarchaeota,Nitrososphaeria,Group_1.1c,*Group_1.1c*,2000,0,0,0,0,0
Archaea,Halobacterota,Methanosarcinia,Methanosarciniales,*Methanosarcinaceae*,2000,0,0,0,0,0
Bacteria,Acidobacteriota,Acidobacteriae,Subgroup_2,*Subgroup_2*,2000,0,0,0,0,0
Bacteria,Acidobacteriota,Blastocatellia,Pyrinomonadales,*Pyrinomonadaceae*,2000,0,0,0,0,0
Bacteria,Bacteroidota,Class of Bacteroidota,Order of Bacteroidota,*Family* (*of*) Bacteroidota,2000,0,0,0,0,0
Bacteria,Chloroflexi,Anaerolineae,Caldilineales,*Caldilineaceae*,2000,0,0,0,0,0
Bacteria,Chloroflexi,Anaerolineae,SBR1031,*SBR1031*,2000,0,0,0,0,0
Bacteria,Chloroflexi,Dehalococcoidia,GIF9,*GIF9*,2000,0,0,0,0,0
Bacteria,Desulfobacterota,Desulfobacteria,Desulfobacterales,*Family* (*of*) Desulfobacterales,2000,0,0,0,0,0
Bacteria,Firmicutes,Clostridia,Order of Clostridia,*Family* (*of*) Clostridia,2000,0,0,0,0,0
Bacteria,Myxococcota,Myxococcia,Myxococcales,*Anaeromyxobacteraceae*,2000,0,0,0,0,0
Bacteria,Myxococcota,Polyangia,VHS-B3-70,*VHS-B3-70*,2000,0,0,0,0,0
Bacteria,Nitrospirota,Leptospirillia,Leptospirillales,*Leptospirillaceae*,2000,0,0,0,0,0
Bacteria,Patescibacteria,Microgenomatia,Candidatus_Daviesbacteria,*Candidatus_Daviesbacteria*,2000,0,0,0,0,0
Bacteria,Patescibacteria,Parcubacteria,Candidatus_Vogelbacteria,*Candidatus_Vogelbacteria*,2000,0,0,0,0,0
Bacteria,Proteobacteria,Alphaproteobacteria,Ferrovibrionales,*Ferrovibrionales*,2000,0,0,0,0,0
Bacteria,Proteobacteria,Alphaproteobacteria,NRL2,*NRL2*,2000,0,0,0,0,0
Bacteria,Proteobacteria,Alphaproteobacteria,Rhizobiales,*Devosiaceae*,2000,0,0,0,0,0
Bacteria,Proteobacteria,Gammaproteobacteria,Alteromonadales,*Shewanellaceae*,2000,0,0,0,0,0
Bacteria,Proteobacteria,Gammaproteobacteria,Burkholderiales,*Sutterellaceae*,2000,0,0,0,0,0
Bacteria,Proteobacteria,Gammaproteobacteria,Cellvibrionales,*Spongiibacteraceae*,2000,0,0,0,0,0
Bacteria,Proteobacteria,Gammaproteobacteria,EC3,*EC3*,2000,0,0,0,0,0
Bacteria,Proteobacteria,Gammaproteobacteria,JTB23,*JTB23*,2000,0,0,0,0,0
Bacteria,Proteobacteria,Gammaproteobacteria,Thiotrichales,*Thiotrichaceae*,2000,0,0,0,0,0
Archaea,Aenigmarchaeota,Deep_Sea_Euryarchaeotic_Group(DSEG),Deep_Sea_Euryarchaeotic_Group(DSEG),*Deep_Sea_Euryarchaeotic_Group(DSEG)*,1000,0,0,0,0,0
Archaea,Crenarchaeota,Nitrososphaeria,Marine_Benthic_Group_A,*Marine_Benthic_Group_A*,1000,0,0,0,0,0
Archaea,Halobacterota,ANME-1,ANME-1a,*ANME-1a*,1000,0,0,0,0,0
Archaea,Halobacterota,Methanomicrobia,Methanomicrobiales,*Methanoregulaceae*,1000,0,0,0,0,0
Bacteria,Acidobacteriota,Acidobacteriae,Order of Acidobacteriae,*Family* (*of*) Acidobacteriae,1000,0,0,0,0,0
Bacteria,Acidobacteriota,Acidobacteriae,Subgroup_13,*Subgroup_13*,1000,0,0,0,0,0
Bacteria,Acidobacteriota,Aminicenantia,Aminicenantales,*Aminicenantales*,1000,0,0,0,0,0
Bacteria,Acidobacteriota,Blastocatellia,DS-100,*DS-100*,1000,0,0,0,0,0
Bacteria,Acidobacteriota,Thermoanaerobaculia,Thermoanaerobaculales,*Thermoanaerobaculaceae*,1000,0,0,0,0,0
Bacteria,Actinobacteriota,Acidimicrobiia,Microtrichales,*Family* (*of*) Microtrichales,1000,0,0,0,0,0
Bacteria,Actinobacteriota,Actinobacteria,Corynebacteriales,*Mycobacteriaceae*,1000,0,0,0,0,0
Bacteria,Actinobacteriota,Class of Actinobacteriota,Order of Actinobacteriota,*Family* (*of*) Actinobacteriota,1000,0,0,0,0,0
Bacteria,Armatimonadota,Fimbriimonadia,Fimbriimonadales,*Fimbriimonadaceae*,1000,0,0,0,0,0
Bacteria,Bacteroidota,Bacteroidia,Bacteroidales,*Bacteroidetes_vadinHA17*,1000,0,0,0,0,0
Bacteria,Bacteroidota,Bacteroidia,Bacteroidales,*Prolixibacteraceae*,1000,0,0,0,0,0
Bacteria,Bacteroidota,Bacteroidia,Sphingobacteriales,*GWF2-29-10*,1000,0,0,0,0,0
Bacteria,Bdellovibrionota,Oligoflexia,053A03-B-DI-P58,*053A03-B-DI-P58*,1000,0,0,0,0,0
Bacteria,Campilobacterota,Campylobacteria,Campylobacterales,*Sulfurimonadaceae*,1000,0,0,0,0,0
Bacteria,Chloroflexi,Chloroflexia,Chloroflexales,*Roseiflexaceae*,1000,0,0,0,0,0
Bacteria,Chloroflexi,Class of Chloroflexi,Order of Chloroflexi,*Family* (*of*) Chloroflexi,1000,0,0,0,0,0
Bacteria,Chloroflexi,Dehalococcoidia,ER-E4-17,*ER-E4-17*,1000,0,0,0,0,0
Bacteria,Chloroflexi,Dehalococcoidia,MB-C2-126,*MB-C2-126*,1000,0,0,0,0,0
Bacteria,Chloroflexi,Dehalococcoidia,Napoli-4B-65,*Napoli-4B-65*,1000,0,0,0,0,0
Bacteria,Chloroflexi,Dehalococcoidia,Sh765B-TzT-20,*Sh765B-TzT-20*,1000,0,0,0,0,0
Bacteria,Chloroflexi,Dehalococcoidia,vadinBA26,*vadinBA26*,1000,0,0,0,0,0
Bacteria,Dependentiae,Babeliae,Babeliales,*Babeliaceae*,1000,0,0,0,0,0
Bacteria,Desulfobacterota,Desulfobacteria,Desulfobacterales,*Desulfosarcinaceae*,1000,0,0,0,0,0
Bacteria,Desulfobacterota,Desulfobulbia,Desulfobulbales,*Family* (*of*) Desulfobulbales,1000,0,0,0,0,0
Bacteria,Desulfobacterota,Desulfuromonadia,Bradymonadales,*Bradymonadales*,1000,0,0,0,0,0
Bacteria,Elusimicrobiota,4-29,4-29,*4-29*,1000,0,0,0,0,0
Bacteria,Elusimicrobiota,Class of Elusimicrobiota,Order of Elusimicrobiota,*Family* (*of*) Elusimicrobiota,1000,0,0,0,0,0
Bacteria,Elusimicrobiota,Elusimicrobia,Order of Elusimicrobia,*Family* (*of*) Elusimicrobia,1000,0,0,0,0,0
Bacteria,Firmicutes,Clostridia,Clostridia,*Hungateiclostridiaceae*,1000,0,0,0,0,0
Bacteria,Myxococcota,Polyangia,FFCH16767,*FFCH16767*,1000,0,0,0,0,0
Bacteria,Myxococcota,Polyangia,Polyangiales,*Phaselicystidaceae*,1000,0,0,0,0,0
Bacteria,Myxococcota,Polyangia,mle1-27,*mle1-27*,1000,0,0,0,0,0
Bacteria,Nitrospinota,P9X2b3D02,P9X2b3D02,*P9X2b3D02*,1000,0,0,0,0,0
Bacteria,Patescibacteria,ABY1,Candidatus_Kerfeldbacteria,*Candidatus_Kerfeldbacteria*,1000,0,0,0,0,0
Bacteria,Patescibacteria,Gracilibacteria,Order of Gracilibacteria,*Family* (*of*) Gracilibacteria,1000,0,0,0,0,0
Bacteria,Patescibacteria,Microgenomatia,Candidatus_Gottesmanbacteria,*Candidatus_Gottesmanbacteria*,1000,0,0,0,0,0
Bacteria,Patescibacteria,Parcubacteria,Candidatus_Liptonbacteria,*Candidatus_Liptonbacteria*,1000,0,0,0,0,0
Bacteria,Patescibacteria,Parcubacteria,Candidatus_Staskawiczbacteria,*Candidatus_Staskawiczbacteria*,1000,0,0,0,0,0
Bacteria,Patescibacteria,Saccharimonadia,Saccharimonadales,*WWH38*,1000,0,0,0,0,0
Bacteria,Planctomycetota,Phycisphaerae,C86,*C86*,1000,0,0,0,0,0
Bacteria,Proteobacteria,Alphaproteobacteria,Azospirillales,*Azospirillales_Incertae_Sedis*,1000,0,0,0,0,0
Bacteria,Proteobacteria,Alphaproteobacteria,Rickettsiales,*Fokiniaceae*,1000,0,0,0,0,0
Bacteria,Proteobacteria,Alphaproteobacteria,Sneathiellales,*Sneathiellaceae*,1000,0,0,0,0,0
Bacteria,Proteobacteria,Gammaproteobacteria,Burkholderiales,*Chitinimonadaceae*,1000,0,0,0,0,0
Bacteria,Proteobacteria,Gammaproteobacteria,Burkholderiales,*Chromobacteriaceae*,1000,0,0,0,0,0
Bacteria,Proteobacteria,Gammaproteobacteria,Burkholderiales,*T34*,1000,0,0,0,0,0
Bacteria,Proteobacteria,Gammaproteobacteria,CCM19a,*CCM19a*,1000,0,0,0,0,0
Bacteria,Proteobacteria,Gammaproteobacteria,Cardiobacteriales,*Cardiobacteriales*,1000,0,0,0,0,0
Bacteria,Proteobacteria,Gammaproteobacteria,Cellvibrionales,*Porticoccaceae*,1000,0,0,0,0,0
Bacteria,Proteobacteria,Gammaproteobacteria,SS1-B-09-64,*SS1-B-09-64*,1000,0,0,0,0,0
Bacteria,TA06,TA06,TA06,*TA06*,1000,0,0,0,0,0
Bacteria,Verrucomicrobiota,Chlamydiae,Chlamydiales,*Chlamydiaceae*,1000,0,0,0,0,0
Bacteria,Verrucomicrobiota,Chlamydiae,Chlamydiales,*Criblamydiaceae*,1000,0,0,0,0,0
Bacteria,Verrucomicrobiota,Lentisphaeria,Victivallales,*PRD18C08*,1000,0,0,0,0,0
Bacteria,Verrucomicrobiota,Verrucomicrobiae,Chthoniobacterales,*Terrimicrobiaceae*,1000,0,0,0,0,0
Bacteria,Verrucomicrobiota,Verrucomicrobiae,Verrucomicrobiales,*Verrucomicrobiaceae*,1000,0,0,0,0,0
Bacteria,WOR-1,WOR-1,WOR-1,*WOR-1*,1000,0,0,0,0,0
Bacteria,Actinobacteriota,Actinobacteria,Kineosporiales,*Kineosporiaceae*,0,0,0,0,0,0
Bacteria,Actinobacteriota,Thermoleophilia,Solirubrobacterales,*Family* (*of*) Solirubrobacterales,0,0,0,0,0,0
Bacteria,Armatimonadota,Fimbriimonadia,Fimbriimonadales,*Fimbriimonadales*,0,0,0,0,0,0
Bacteria,Bacteroidota,Bacteroidia,Bacteroidales,*Family* (*of*) Bacteroidales,0,0,0,0,0,0
Bacteria,Bacteroidota,Bacteroidia,Cytophagales,*Flammeovirgaceae*,0,0,0,0,0,0
Bacteria,Bacteroidota,Bacteroidia,Cytophagales,*Spirosomaceae*,0,0,0,0,0,0
Bacteria,Bacteroidota,Bacteroidia,SM1A07,*SM1A07*,0,0,0,0,0,0
Bacteria,Chloroflexi,Dehalococcoidia,SAR202_clade,*SAR202_clade*,0,0,0,0,0,0
Bacteria,Firmicutes,Clostridia,Lachnospirales,*Lachnospiraceae*,0,0,0,0,0,0
Bacteria,Firmicutes,Thermacetogenia,Thermacetogeniales,*Thermacetogeniaceae*,0,0,0,0,0,0
Bacteria,Myxococcota,Myxococcia,Myxococcales,*27F-1492R*,0,0,0,0,0,0
Bacteria,Myxococcota,Polyangia,MSB-4B10,*MSB-4B10*,0,0,0,0,0,0
Bacteria,Myxococcota,Polyangia,Polyangiales,*BIrii41*,0,0,0,0,0,0
Bacteria,Myxococcota,Polyangia,Polyangiales,*Family* (*of*) Polyangiales,0,0,0,0,0,0
Bacteria,NKB15,NKB15,NKB15,*NKB15*,0,0,0,0,0,0
Bacteria,Patescibacteria,Parcubacteria,Candidatus_Colwellbacteria,*Candidatus_Colwellbacteria*,0,0,0,0,0,0
Bacteria,Proteobacteria,Alphaproteobacteria,Elsterales,*Family* (*of*) Elsterales,0,0,0,0,0,0
Bacteria,Proteobacteria,Alphaproteobacteria,Kiloniellales,*Family* (*of*) Kiloniellales,0,0,0,0,0,0
Bacteria,Proteobacteria,Alphaproteobacteria,Puniceispirillales,*Family* (*of*) Puniceispirillales,0,0,0,0,0,0
Bacteria,Proteobacteria,Gammaproteobacteria,Pseudomonadales,*Family* (*of*) Pseudomonadales,0,0,0,0,0,0
Bacteria,Proteobacteria,Gammaproteobacteria,Xanthomonadales,*Family* (*of*) Xanthomonadales,0,0,0,0,0,0
Bacteria,Verrucomicrobiota,Lentisphaeria,Victivallales,*GWF2-44-16*,0,0,0,0,0,0
Bacteria,Verrucomicrobiota,Verrucomicrobiae,Verrucomicrobiales,*DEV007*,0,0,0,0,0,0
